Наименование,Описание,Рубрики,Адрес,Комментарий к адресу,Почтовый индекс,Микрорайон,Район,Город,Округ,Регион,Страна,Часы работы,Часовой пояс,Рейтинг,Количество отзывов,Телефон 1,Телефон 2,Телефон 3,E-mail 1,E-mail 2,Веб-сайт 1,Веб-сайт 2,Веб-сайт 3,Twitter,ВКонтакте,WhatsApp 1,WhatsApp 2,WhatsApp 3,Viber 1,Viber 2,Viber 3,Telegram 1,Telegram 2,Telegram 3,YouTube,Широта,Долгота,2GIS URL,Тип
Пространство,компания мебели на заказ,Мебель на заказ; Корпусная мебель,"Сахалинская улица, 14",,625034,,Ленинский округ,Тюмень,Тюмень городской округ,Тюменская область,Россия,Пн: 09:00-18:00; Вт: 09:00-18:00; Ср: 09:00-18:00; Чт: 09:00-18:00; Пт: 09:00-18:00,+05:00,,,89619999986,,,,,,,,,https://vk.com/prostranstvomeb,,,,,,,,,,,57.15451,65.624083,https://2gis.com/firm/70000001115288431,branch
Профас72,фабрика мебельных фасадов,Мебель на заказ; Мебельные фасады,"Судостроителей, 35",,625034,,Ленинский округ,Тюмень,Тюмень городской округ,Тюменская область,Россия,Пн: 09:00-18:00; Вт: 09:00-18:00; Ср: 09:00-18:00; Чт: 09:00-18:00; Пт: 09:00-18:00,+05:00,5.0,8,89129244747,89829147316,,,,,,,,,,,,,,,,,,,57.159622,65.645224,https://2gis.com/firm/70000001057196383,branch
Профстолоф,производственная компания,Мебель на заказ; Оборудование для салонов красоты; Массажное оборудование; Корпусная мебель; Мебель для салонов красоты,"Пархоменко, 54",1 этаж,625032,,Калининский округ,Тюмень,Тюмень городской округ,Тюменская область,Россия,Пн: 10:00-18:00; Вт: 10:00-18:00; Ср: 10:00-18:00; Чт: 10:00-18:00; Пт: 10:00-18:00; Сб: 11:00-15:00,+05:00,3.7,39,89617810299,,,,,,,,,https://vk.com/id315589560,https://wa.me/79617810299,,,viber://chat/?number=79617810299,,,https://t.me/+79617810299,,,,57.129798,65.520389,https://2gis.com/firm/70000001024508862,branch
Пять Звезд,мебельное ателье,"Мебель на заказ; Корпусная мебель; Распиловка древесины; Офисная мебель; Мебельная фурнитура; Мебель для кухни; Мебель для ванных комнат; ДСП, ДВП, фанера; Мебельные фасады; ЛДСП, ДВПО, МДФ; Детская мебель; Ремонт мебели","улица Новаторов, 5 ст1/3",4 складское помещение,625019,,Ленинский округ,Тюмень,Тюмень городской округ,Тюменская область,Россия,Пн: 09:00-18:00; Вт: 09:00-18:00; Ср: 09:00-18:00; Чт: 09:00-18:00; Пт: 09:00-18:00,+05:00,5.0,3,89526801570,,,,,,,,,,https://wa.me/79526801570,,,,,,https://t.me/+79526801570,,,,57.115642,65.616645,https://2gis.com/firm/70000001111255746,branch
Региональная Строительно Производственная Компания,,Мебель на заказ; Строительство дач и коттеджей; Строительство дорог; Ремонт помещений; Дизайн интерьеров,"Усадебная улица, 91а",3 офис; 2 этаж,625043,Нефтяников м-н,Центральный округ,Тюмень,Тюмень городской округ,Тюменская область,Россия,"Пн: 09:00-13:00, 14:00-18:00; Вт: 09:00-13:00, 14:00-18:00; Ср: 09:00-13:00, 14:00-18:00; Чт: 09:00-13:00, 14:00-18:00; Пт: 09:00-13:00, 14:00-18:00; Сб: 09:00-13:00, 14:00-18:00",+05:00,5.0,2,89323237333,,,,,,,,,https://vk.com/id888597215,,,,,,,,,,,57.200285,65.589164,https://2gis.com/firm/70000001112990085,branch
РК-мебель,салон мебели под заказ,Мебель на заказ; Мебельные магазины; Корпусная мебель; Мебель для кухни; Офисная мебель; Мебель для ванных комнат,"улица Евгения Войнова, 7",,625031,5-й заречный м-н,Центральный округ,Тюмень,Тюмень городской округ,Тюменская область,Россия,Пн: 10:00-19:00; Вт: 10:00-19:00; Ср: 10:00-19:00; Чт: 10:00-19:00; Пт: 10:00-19:00; Сб: 10:00-19:00; Вс: 10:00-19:00,+05:00,5.0,16,89993650777,,,aksenova.84@mail.ru,,http://rkmebel72.ru/?utm_source=2gis&utm_medium=organic&utm_campaign=2gis,,,,https://vk.com/public204380514,https://wa.me/79220818818,,,viber://chat/?number=79220818818,,,https://t.me/+79220818818,,,,57.171292,65.582418,https://2gis.com/firm/70000001100680370,branch
РК-мебель,салон мебели под заказ,Мебель на заказ; Корпусная мебель; Детская мебель; Мягкая мебель; Мебель из стекла; Изделия из камня для помещений; Мебель для кухни; Офисная мебель; Мебель для ванных комнат,"Михаила Лермонтова улица, 6",,625062,,,,Тюменский район,Тюменская область,Россия,Пн: 10:00-19:00; Вт: 10:00-19:00; Ср: 10:00-19:00; Чт: 10:00-19:00; Пт: 10:00-19:00; Сб: 10:00-19:00; Вс: 10:00-19:00 (по предварительной записи: сб-вс),+05:00,4.9,47,89220818818,,,aksenova.84@mail.ru,,http://rkmebel72.ru/?utm_source=2gis&utm_medium=organic&utm_campaign=2gis,,,,https://vk.com/public204380514,https://wa.me/79220818818,,,viber://chat/?number=79220818818,,,https://t.me/+79220818818,,,,57.08995,65.517284,https://2gis.com/firm/70000001069059355,branch
РК-мебель,салон мебели под заказ,Мебель на заказ; Мебельные магазины; Корпусная мебель; Мебель для кухни; Офисная мебель; Мебель для ванных комнат,"Пароходская улица, 4",2 этаж; 2 подъезд,625002,,Центральный округ,Тюмень,Тюмень городской округ,Тюменская область,Россия,Пн: 10:00-19:00; Вт: 10:00-19:00; Ср: 10:00-19:00; Чт: 10:00-19:00; Пт: 10:00-19:00; Сб: 10:00-19:00; Вс: 10:00-19:00,+05:00,5.0,98,89222634543,,,aksenova.84@mail.ru,,http://rkmebel72.ru/?utm_source=2gis&utm_medium=organic&utm_campaign=2gis,,,,https://vk.com/public204380514,https://wa.me/79222634543,,,viber://chat/?number=79220818818,,,https://t.me/+79220818818,,,,57.161025,65.553861,https://2gis.com/firm/70000001057849058,branch
Русь,мебельный комбинат,Мебель на заказ; Мебельные фасады; Мебельные фабрики; Мебель для кухни; Корпусная мебель; Мебель для ванных комнат,"Большая Заречная улица, 41",,625005,Заречный м-н,Центральный округ,Тюмень,Тюмень городской округ,Тюменская область,Россия,"Пн: 08:30-12:00, 13:00-17:30; Вт: 08:30-12:00, 13:00-17:30; Ср: 08:30-12:00, 13:00-17:30; Чт: 08:30-12:00, 13:00-17:30; Пт: 08:30-12:00, 13:00-17:30",+05:00,5.0,6,89222477272,89324850101,,,,,,,,https://vk.com/mkrus72,https://wa.me/79222477272,,,,,,https://t.me/+79324850101,,,,57.172341,65.519006,https://2gis.com/firm/70000001084281067,branch
РусьМебель,мебельная фабрика,Мебель на заказ; Корпусная мебель; Мягкая мебель; Матрасы; Мебель для кухни,"Дамбовская улица, 10 ст1",,625034,,Ленинский округ,Тюмень,Тюмень городской округ,Тюменская область,Россия,Пн: 09:00-18:00; Вт: 09:00-18:00; Ср: 09:00-18:00; Чт: 09:00-18:00; Пт: 09:00-18:00; Сб: 09:00-18:00,+05:00,4.9,2,89829481314,,,,,,,,,,https://wa.me/79044983150,,,,,,,,,,57.151224,65.610846,https://2gis.com/firm/1830115629747209,branch
Сайф Тимер,,Мебель на заказ; Кованые изделия; Садово-парковая мебель; Сварочные работы,"улица Тилимбаева, 26",,625516,,,,Тюменский район,Тюменская область,Россия,,+05:00,,,89199499506,,,,,,,,,,,,,,,,,,,,57.069362,65.809996,https://2gis.com/firm/70000001112647104,branch
Светлый выбор,"компания по изготовлению корпусной мебели под заказ кухни, шкафы, фасады, и изготовление конструкций из ПВХ",Мебель на заказ; Остекление и отделка балконов; Окна; Теплоизоляционные материалы; Входные группы,"улица Дружбы, 227 ст11",,625031,Тарманы м-н,Ленинский округ,Тюмень,Тюмень городской округ,Тюменская область,Россия,Пн: 09:00-18:00; Вт: 09:00-18:00; Ср: 09:00-18:00; Чт: 09:00-18:00; Пт: 09:00-18:00,+05:00,4.8,20,83452472410,89324739292,,svetliy.vybor@yandex.ru,,,,,,https://vk.com/svetliyvybortmn,,,,,,,https://t.me/+79324739292,,,,57.179635,65.602287,https://2gis.com/firm/70000001095207395,branch
Свой стиль,мебельная компания,Мебель на заказ; Мебель для кухни; Корпусная мебель; Офисная мебель; Мебельные фасады; Мебель для общественного питания; Мебель для учебных учреждений; Стеллажи и витрины; Торгово-выставочное оборудование; Перегородки,"улица Муллы-Нур Вахитова, 5а ст2",,625043,Парфёново м-н,Центральный округ,Тюмень,Тюмень городской округ,Тюменская область,Россия,Пн: 09:00-18:00; Вт: 09:00-18:00; Ср: 09:00-18:00; Чт: 09:00-18:00; Пт: 09:00-18:00; Сб: 09:00-18:00; Вс: 09:00-18:00 (по предварительному звонку: сб-вс),+05:00,5.0,30,89829821114,,,,,,,,,,https://wa.me/79829821114,,,viber://chat/?number=79829821114,,,https://t.me/+79829821114,,,,57.190659,65.543918,https://2gis.com/firm/70000001090639402,branch
Сдс,мебельная компания,Мебель на заказ; Офисная мебель; Корпусная мебель; Мебель для кухни; Мебель для учебных учреждений,,,,,,Тюмень,Тюмень городской округ,Тюменская область,Россия,Пн: 10:00-18:30; Вт: 10:00-18:30; Ср: 10:00-18:30; Чт: 10:00-18:30; Пт: 10:00-18:30; Сб: 10:00-15:00,+05:00,,,89129258926,,,,,,,,,,https://wa.me/79129258926,,,viber://chat/?number=79129258926,,,,,,,,,https://2gis.com/firm/1830115629596826,branch
Семёновские кухни,,Мебель на заказ; Мебель для кухни; Корпусная мебель; Мебельные фасады,"улица Константина Заслонова, 37 ст3",ворота 16,625034,,Ленинский округ,Тюмень,Тюмень городской округ,Тюменская область,Россия,Пн: 09:00-20:00; Вт: 09:00-20:00; Ср: 09:00-20:00; Чт: 09:00-20:00; Пт: 09:00-20:00; Сб: 09:00-20:00 (по предварительной записи),+05:00,5.0,8,89292692672,83452602672,,,,,,,,https://vk.com/kuhni72tmn,https://wa.me/79292692672,,,,,,https://t.me/+79292692672,,,,57.161038,65.646974,https://2gis.com/firm/70000001080663583,branch
Семья,мебельный салон,Мебель на заказ; Мебельные магазины; Мягкая мебель; Мебель для кухни; Корпусная мебель; Детская мебель; Матрасы,"Московский тракт, 120 ст2",272 место; 201 павильон; 2 этаж,625049,,Калининский округ,Тюмень,Тюмень городской округ,Тюменская область,Россия,Пн: 09:00-18:30; Вт: 09:00-18:30; Ср: 09:00-18:30; Чт: 09:00-18:30; Пт: 09:00-18:30; Сб: 09:00-18:30; Вс: 09:00-18:30,+05:00,3.5,36,89199377374,,,,,,,,,,https://wa.me/79199377374,,,,,,,,,,57.13411,65.490736,https://2gis.com/firm/70000001042834723,branch
Сервис мебель,фабрика,Мебель на заказ; Офисная мебель; Корпусная мебель; Мебель для кухни; Мягкая мебель; Детская мебель,"Барабинская улица, 3 ст26",37 складское помещение,625034,,Ленинский округ,Тюмень,Тюмень городской округ,Тюменская область,Россия,Пн: 08:00-17:00; Вт: 08:00-17:00; Ср: 08:00-17:00; Чт: 08:00-17:00; Пт: 08:00-17:00; Сб: 08:00-17:00; Вс: 08:00-17:00,+05:00,,,89123990742,,,,,,,,,,https://wa.me/79123990742,,,,,,,,,,57.158133,65.603112,https://2gis.com/firm/70000001090175721,branch
Сиблес,мебельный магазин,Мебель на заказ; Мебельные магазины; Детская мебель; Матрасы; Мебель для кухни; Мебельные фабрики; Мебельные фасады; Стеновые панели; Бытовая техника; Корпусная мебель; Мягкая мебель; Мебель для ванных комнат,"Ветеранов Труда, 58 ст1",2 этаж,625031,,Ленинский округ,Тюмень,Тюмень городской округ,Тюменская область,Россия,Пн: 10:00-19:00; Вт: 10:00-19:00; Ср: 10:00-19:00; Чт: 10:00-19:00; Пт: 10:00-19:00; Сб: 10:00-18:00; Вс: 10:00-18:00,+05:00,4.2,10,83452470100,,,,,,,,,,https://wa.me/79220771017,,,,,,https://t.me/+79220771017,,,,57.195987,65.595772,https://2gis.com/firm/70000001066041512,branch
Слава,мебельная компания,"Мебель на заказ; Мебельные фасады; Мебель для кухни; Корпусная мебель; Офисная мебель; Детская мебель; Распиловка древесины; Ремонт мебели; ЛДСП, ДВПО, МДФ","Газопромысловая улица, 1 ст2",1 этаж,625029,Тарманы м-н,Ленинский округ,Тюмень,Тюмень городской округ,Тюменская область,Россия,Пн: 10:00-18:00; Вт: 10:00-18:00; Ср: 10:00-18:00; Чт: 10:00-18:00; Пт: 10:00-18:00,+05:00,4.0,18,89044924463 (единый номер: пн-пт 10:00-18:00),83452924463 (единый номер: пн-пт 10:00-18:00),89129982311 (единый номер: пн-пт 10:00-18:00),,,,,,,,https://wa.me/79129982311,,,,,,,,,,57.185551,65.624839,https://2gis.com/firm/1830115629700435,branch
Слава,Производственный цех,Мебель на заказ; Мебель для кухни; Корпусная мебель; Офисная мебель; Детская мебель; Распиловка древесины; Ремонт мебели; Мебельные фасады,"улица Чекистов, 26 ст14",1 этаж; база Кедр,625014,Строителей пос.,Ленинский округ,Тюмень,Тюмень городской округ,Тюменская область,Россия,Пн: 10:00-17:00; Вт: 10:00-17:00; Ср: 10:00-17:00; Чт: 10:00-17:00; Пт: 10:00-17:00,+05:00,4.8,12,89044924463 (единый номер: пн-пт 10:00-18:00),83452924463 (единый номер: пн-пт 10:00-18:00),89129982311 (единый номер: пн-пт 10:00-18:00),,,,,,,,https://wa.me/79129982311,,,,,,,,,,57.109785,65.65367,https://2gis.com/firm/70000001039521130,branch
Стальмебель,торгово-производственная компания,Мебель на заказ; Металлическая мебель; Сварочные работы; Металлоизделия; Заборы и ограждения; Металлоконструкции для строительства; Металлообработка; Полимерная порошковая окраска,"улица Чекистов, 30 ст7",,625014,Строителей пос.,Ленинский округ,Тюмень,Тюмень городской округ,Тюменская область,Россия,Пн: 09:00-20:00; Вт: 09:00-20:00; Ср: 09:00-20:00; Чт: 09:00-20:00; Пт: 09:00-20:00; Сб: 09:00-20:00 (по предварительному звонку),+05:00,5.0,3,89923033577,89220091099,,,,,,,,https://vk.com/stalmebel72,https://wa.me/79220091099,https://wa.me/79923033577,,viber://chat/?number=79220091099,,,,,,,57.113248,65.650106,https://2gis.com/firm/70000001045405245,branch
Стальной Бродяга,компания,Мебель на заказ; Металлообработка; Металлоконструкции для строительства; Теплицы,"Ямская улица, 105 ст3",5 цех,625017,РТС м-н,Калининский округ,Тюмень,Тюмень городской округ,Тюменская область,Россия,Пн: 08:00-17:00; Вт: 08:00-17:00; Ср: 08:00-17:00; Чт: 08:00-17:00; Пт: 08:00-17:00; Сб: 08:00-17:00; Вс: 08:00-17:00,+05:00,5.0,4,89617824687,,,,,,,,,https://vk.com/steel.tramp,https://wa.me/79630568568,https://wa.me/79617824687,,,,,,,,,57.156536,65.47294,https://2gis.com/firm/70000001075764734,branch
Стефания,мебельный салон,Мебель на заказ; Мебельные магазины; Корпусная мебель; Мебель для кухни,"Николая Чаплина улица, 115а",2 этаж,625007,,Калининский округ,Тюмень,Тюмень городской округ,Тюменская область,Россия,Вт: 10:00-18:00; Ср: 10:00-18:00; Чт: 10:00-18:00; Пт: 10:00-18:00; Сб: 10:00-18:00,+05:00,4.3,12,89199370710,,,,,,,,,https://vk.com/stefaniya72,https://wa.me/79199370710,,,,,,https://t.me/+79199370710,,,,57.128808,65.53959,https://2gis.com/firm/70000001039926243,branch
Стильное пространство,компания по изготовлению мебели под заказ,Мебель на заказ; Корпусная мебель; Мебель для кухни; Детская мебель; Мебель для ванных комнат; Офисная мебель,"проезд Воронинские горки, 142 ст3",,625056,,Калининский округ,Тюмень,Тюмень городской округ,Тюменская область,Россия,Пн: 09:00-18:00; Вт: 09:00-18:00; Ср: 09:00-18:00; Чт: 09:00-18:00; Пт: 09:00-18:00; Сб: 10:00-15:00,+05:00,5.0,11,89199242016,,,,,,,,,https://vk.com/stilnoe_prostranstvo,https://wa.me/79199242016,,,,,,https://t.me/+79199242016,,,,57.186545,65.461752,https://2gis.com/firm/70000001087011208,branch
Столин,салон столов и стульев,Мебель на заказ; Корпусная мебель; Мебель для кухни,"улица 30 лет Победы, 7/5",2 этаж,625007,,Калининский округ,Тюмень,Тюмень городской округ,Тюменская область,Россия,Пн: 10:00-20:00; Вт: 10:00-20:00; Ср: 10:00-20:00; Чт: 10:00-20:00; Пт: 10:00-20:00; Сб: 10:00-20:00; Вс: 10:00-20:00,+05:00,5.0,6,89292688300,,,,,,,,,https://vk.com/stolin.home72,,,,,,,https://t.me/+79292688300,,,,57.131605,65.556068,https://2gis.com/firm/70000001094230666,branch
Столярная мастерская,,Мебель на заказ; Мебель для ванных комнат; Деревообработка; Садово-парковая мебель; Интерьерные лестницы; Декоративные отделочные материалы; Строительство дач и коттеджей; Корпусная мебель,"Велижанский тракт 5 километр, 37/1",,625059,,Центральный округ,Тюмень,Тюмень городской округ,Тюменская область,Россия,Пн: 10:00-20:00; Вт: 10:00-20:00; Ср: 10:00-20:00; Чт: 10:00-20:00; Пт: 10:00-20:00; Сб: 10:00-20:00; Вс: 10:00-20:00 (по предварительной записи),+05:00,4.7,14,89123890559,89048894180,,,,http://t.me/mebellofttmn,,,,,https://wa.me/79123890559,https://wa.me/79048894180,,,,,https://t.me/+79123890559,,,,57.213888,65.628826,https://2gis.com/firm/70000001066392475,branch
Столярная мастерская,,Мебель на заказ; Деревообработка; Детская мебель; Корпусная мебель; Мебель для кухни; Ремонт мебели; Мебель для ванных комнат,"улица 50 лет Октября, 120 ст4",,625013,,Ленинский округ,Тюмень,Тюмень городской округ,Тюменская область,Россия,Пн: 09:30-18:30; Вт: 09:30-18:30; Ср: 09:30-18:30; Чт: 09:30-18:30; Пт: 09:30-18:30 (по предварительному звонку),+05:00,4.0,8,89026208297,,,,,,,,,https://vk.com/id789514687,https://wa.me/79026208297,,,,,,https://t.me/+79026208297,,,,57.132039,65.605555,https://2gis.com/firm/70000001051334828,branch
Столярная мастерская,,Мебель на заказ; Детская мебель; Деревообработка; Мебель для кухни; Интерьерные лестницы,"Дамбовская улица, 41 ст4",,625034,,Ленинский округ,Тюмень,Тюмень городской округ,Тюменская область,Россия,Пн: 09:00-18:00; Вт: 09:00-18:00; Ср: 09:00-18:00; Чт: 09:00-18:00; Пт: 09:00-18:00 (по предварительному звонку),+05:00,1.7,1,83452481614,,,,,,,,,,,,,,,,,,,,57.15424,65.616972,https://2gis.com/firm/70000001037752013,branch
Столярный цех,,Мебель на заказ; Деревообработка; Интерьерные лестницы; Погонажные изделия; Фрезеровка неметаллов,"Московский тракт, 133",цокольный этаж,625049,,Калининский округ,Тюмень,Тюмень городской округ,Тюменская область,Россия,Пн: 09:00-18:00; Вт: 09:00-18:00; Ср: 09:00-18:00; Чт: 09:00-18:00; Пт: 09:00-18:00,+05:00,,,89220492991,,,,,http://dzen.ru/id/6a154d53a6ed872630d516d1?share_to=link,,,,,,,,,,,https://t.me/+79220492991,,,,57.132659,65.494949,https://2gis.com/firm/70000001110769067,branch
Студия кухни Виталия Жукова,,Мебель на заказ; Мебельные магазины; Мебель для кухни; Корпусная мебель; Детская мебель,"улица Республики, 205 к1",10 офис; 1 этаж,625019,,Ленинский округ,Тюмень,Тюмень городской округ,Тюменская область,Россия,Пн: 10:00-19:00; Вт: 10:00-19:00; Ср: 10:00-19:00; Чт: 10:00-19:00; Пт: 10:00-19:00; Сб: 10:00-19:00; Вс: 10:00-19:00,+05:00,4.8,92,83452381091,89829481091,,,,,,,,https://vk.com/skuhni,,,,,,,https://t.me/+79829481091,,,,57.127023,65.597185,https://2gis.com/firm/70000001025742885,branch
Студия мебели индивидуального производства,,Мебель на заказ; Корпусная мебель; Мебель для кухни; Мебель для ванных комнат; Детская мебель; Мебельные фасады,"Академический проезд, 5 ст1",114 офис; 1 этаж,625063,Московский Дворик м-н,,,Тюменский район,Тюменская область,Россия,Ср: 10:00-19:00; Чт: 10:00-19:00; Пт: 10:00-19:00; Сб: 10:00-19:00; Вс: 10:00-19:00,+05:00,,,89667617587,,,,,,,,,,https://wa.me/79667617587,,,,,,https://t.me/+79667617587,,,,57.119915,65.46522,https://2gis.com/firm/70000001102205207,branch
Т-Мебель,,Мебель на заказ; Корпусная мебель,"улица Малышева, 2а ст3в",,625029,Тарманы м-н,Ленинский округ,Тюмень,Тюмень городской округ,Тюменская область,Россия,Пн: 09:00-20:00; Вт: 09:00-20:00; Ср: 09:00-20:00; Чт: 09:00-20:00; Пт: 09:00-20:00; Сб: 09:00-20:00,+05:00,5.0,7,89220404343,,,,,,,,,,,,,,,,,,,,57.190908,65.609741,https://2gis.com/firm/70000001110653183,branch
Табыш,сеть магазинов дерева,"Мебель на заказ; Погонажные изделия; Отделочные материалы; Ремонт помещений; Корпусная мебель; Пило- и лесоматериалы; Товары для бань и саун; ДСП, ДВП, фанера; Напольные покрытия; Лаки и краски; Герметики и клеи; Интерьерные лестницы; Садово-парковая мебель","Горпищекомбинатовская улица, 21а",1 этаж,625049,,Калининский округ,Тюмень,Тюмень городской округ,Тюменская область,Россия,"Пн: 09:00-19:00; Вт: 09:00-19:00; Ср: 09:00-19:00; Чт: 09:00-19:00; Пт: 09:00-12:00, 14:00-19:00; Сб: 09:00-19:00; Вс: 09:00-19:00",+05:00,4.4,21,83452500323 (доп.522),83452500323 (доп.512),,tabyshopt@gmail.com,,http://jivo.chat/8bD5BaoOIZ,,,,https://vk.com/tabysh72,https://wa.me/79044747222,,,viber://chat/?number=79044747222,,,https://t.me/+79044747222,,,,57.136522,65.487327,https://2gis.com/firm/70000001082344468,branch
Твоя Мебель,компания,Мебель на заказ; Корпусная мебель; Детская мебель; Мебель для ванных комнат; Офисная мебель; Мебель для кухни,"улица 30 лет Победы, 33/2",205 цех,625016,,Восточный округ,Тюмень,Тюмень городской округ,Тюменская область,Россия,Пн: 09:00-18:00; Вт: 09:00-18:00; Ср: 09:00-18:00; Чт: 09:00-18:00; Пт: 09:00-18:00; Сб: 09:00-18:00,+05:00,3.0,2,89220431299,89292652854,,,,,,,,https://vk.com/tvoyamebel72,https://wa.me/79220431299,,,viber://chat/?number=79220431299,,,,,,,57.124965,65.573523,https://2gis.com/firm/70000001044328961,branch
Территория уюта,гипермаркет мебели,Мебель на заказ; Мебельные магазины; Корпусная мебель; Мягкая мебель; Матрасы; Офисная мебель; Мебель для кухни,"улица Бакинских Комиссаров, 5",2 этаж,625041,Дом обороны м-н,Калининский округ,Тюмень,Тюмень городской округ,Тюменская область,Россия,Пн: 10:00-19:00; Вт: 10:00-19:00; Ср: 10:00-19:00; Чт: 10:00-19:00; Пт: 10:00-19:00; Сб: 10:00-19:00; Вс: 10:00-19:00,+05:00,3.0,6,89199322531,,,,,,,,,,https://wa.me/79199322531,,,viber://chat/?number=79199322531,,,,,,,57.160061,65.480419,https://2gis.com/firm/70000001049490327,branch
Титан-gs,компания,Мебель на заказ; Корпусная мебель,"улица 50 лет Октября, 120а к8",,625013,,Ленинский округ,Тюмень,Тюмень городской округ,Тюменская область,Россия,,+05:00,,,,,,,,,,,,,,,,,,,,,,,57.129182,65.610147,https://2gis.com/firm/70000001111794016,branch
Тренд мебель,производственная компания,Мебель на заказ; Мебель для кухни,"Перекопская улица, 38",3 этаж,625003,,Калининский округ,Тюмень,Тюмень городской округ,Тюменская область,Россия,Пн: 09:00-17:00; Вт: 09:00-17:00; Ср: 09:00-17:00; Чт: 09:00-17:00; Пт: 09:00-17:00 (по предварительному звонку),+05:00,5.0,102,89328880585,,,,,,,,,,https://wa.me/79328880585,,,,,,https://t.me/+79328880585,,,,57.156315,65.515652,https://2gis.com/firm/70000001103662123,branch
Тюменская Мастерская,,Мебель на заказ; Офисная мебель; Торгово-выставочное оборудование; Садово-парковая мебель; Металлическая мебель; Корпусная мебель; Стеллажи и витрины; Заборы и ограждения; Мебель для кухни; Мебель для ванных комнат; Мебель для общественного питания,"Васильковая улица, 6",,625041,Дом обороны м-н,Калининский округ,Тюмень,Тюмень городской округ,Тюменская область,Россия,Пн: 08:00-20:00; Вт: 08:00-20:00; Ср: 08:00-20:00; Чт: 08:00-20:00; Пт: 08:00-20:00; Сб: 08:00-20:00; Вс: 08:00-20:00,+05:00,5.0,2,89199370142,,,,,,,,,https://vk.com/loft_72ru,https://wa.me/79199370142,,,,,,,,,,57.169368,65.460062,https://2gis.com/firm/70000001047239727,branch
Тюменская мебельная фабрика,,Мебель на заказ; Офисная мебель; Корпусная мебель; Мебель для кухни; Детская мебель; Мебель для учебных учреждений,"Молодёжная улица, 74",1 этаж,625007,,Калининский округ,Тюмень,Тюмень городской округ,Тюменская область,Россия,Пн: 09:00-19:00; Вт: 09:00-19:00; Ср: 09:00-19:00; Чт: 09:00-19:00; Пт: 09:00-19:00; Сб: 09:00-19:00; Вс: 09:00-17:00,+05:00,5.0,8,83452248896,,,,,,,,,,,,,,,,,,,,57.131154,65.545101,https://2gis.com/firm/1830115629873071,branch
Успех,мебельная компания,Мебель на заказ; Мебель для кухни; Корпусная мебель; Офисная мебель; Мебель для ванных комнат; Детская мебель,"улица Александра Пушкина, 14",,625062,,,,Тюменский район,Тюменская область,Россия,Пн: 10:00-17:00; Вт: 10:00-17:00; Ср: 10:00-17:00; Чт: 10:00-17:00; Пт: 10:00-17:00; Сб: 10:00-17:00 (по предварительной записи),+05:00,,,,,,,,,,,,,,,,,,,,,,,57.090341,65.508623,https://2gis.com/firm/70000001115838553,branch
Уютные кухни 72,,Мебель на заказ; Мебель для кухни,,,,,,Тюмень,Тюмень городской округ,Тюменская область,Россия,Пн: 09:00-19:00; Вт: 09:00-19:00; Ср: 09:00-19:00; Чт: 09:00-19:00; Пт: 09:00-19:00; Сб: 09:00-19:00; Вс: 09:00-19:00,+05:00,5.0,2,89526840029,,,,,http://t.me/yut_kuhni_72,,,,,,,,,,,,,,,,,https://2gis.com/firm/70000001110925490,branch
Феникс,мебельный салон,Мебель на заказ; Корпусная мебель; Детская мебель; Мебель для кухни; Мягкая мебель; Мебельные магазины,"Московский тракт, 120 ст2",277 павильон; 2 этаж,625049,,Калининский округ,Тюмень,Тюмень городской округ,Тюменская область,Россия,Пн: 09:00-18:30; Вт: 09:00-18:30; Ср: 09:00-18:30; Чт: 09:00-18:30; Пт: 09:00-18:30; Сб: 09:00-18:30; Вс: 09:00-18:30,+05:00,,,89088696718,,,,,,,,,,,,,,,,https://t.me/+79088696718,,,,57.133918,65.490904,https://2gis.com/firm/70000001094717927,branch
Феникс,мебельный салон,Мебель на заказ; Мебельные магазины; Корпусная мебель; Детская мебель; Мебель для кухни; Мягкая мебель,"Дамбовская улица, 51г",2 этаж,625034,,Ленинский округ,Тюмень,Тюмень городской округ,Тюменская область,Россия,Пн: 10:00-19:00; Вт: 10:00-19:00; Ср: 10:00-19:00; Чт: 10:00-19:00; Пт: 10:00-19:00; Сб: 10:00-19:00; Вс: 10:00-19:00,+05:00,5.0,2,89523495119,,,,,,,,,,,,,,,,,,,,57.151412,65.621318,https://2gis.com/firm/70000001080301179,branch
Фесай,многопрофильная компания,Мебель на заказ; Интерьерные лестницы; Корпусная мебель; Межкомнатные двери; Ремонт помещений; Строительство дач и коттеджей; Ремонт мебели,"Бабарынка, 1 к10 ст1",1 этаж,625001,,Калининский округ,Тюмень,Тюмень городской округ,Тюменская область,Россия,Пн: 08:00-20:00; Вт: 08:00-20:00; Ср: 08:00-20:00; Чт: 08:00-20:00; Пт: 08:00-20:00; Сб: 08:00-20:00; Вс: 08:00-20:00 (по предварительному звонку),+05:00,5.0,1,89088741038,89048753182,,,,,,,,,https://wa.me/79088741038,,,,,,,,,,57.177643,65.473023,https://2gis.com/firm/1830115629607520,branch
Финист Терра,мебельный салон,Мебель на заказ; Мебель для кухни; Корпусная мебель; Детская мебель; Офисная мебель; Мебель для учебных учреждений,"Михаила Лермонтова улица, 6",10 помещение,625062,,,,Тюменский район,Тюменская область,Россия,Пн: 12:00-20:00; Вт: 12:00-20:00; Ср: 12:00-20:00; Чт: 12:00-20:00; Пт: 12:00-20:00; Сб: 10:00-16:00,+05:00,5.0,1,89220731075 (номер для записи),89527110920,,,,http://tmn.finist-terra.ru/contacts/lermontova?utm_source=2gis&utm_medium=organic&utm_campaign=directory,,,,https://vk.com/finistmebel72,,,,,,,,,,,57.090329,65.518555,https://2gis.com/firm/70000001114958508,branch
Форма,компания по производству корпусной мебели,Мебель на заказ; Мебель для кухни; Офисная мебель; Корпусная мебель; Детская мебель; Мебель для ванных комнат; Распиловка древесины,"улица Фармана Салманова, 17",,625063,Тюменская слобода м-н,Калининский округ,Тюмень,Тюмень городской округ,Тюменская область,Россия,Пн: 10:00-20:00; Вт: 10:00-20:00; Ср: 10:00-20:00; Чт: 10:00-20:00; Пт: 10:00-20:00; Сб: 10:00-20:00; Вс: 10:00-20:00,+05:00,4.8,13,83452564660 (отдел продаж),,,,,http://t.me/raspiltmn,,,,https://vk.com/forma.mebel.tyumen,https://wa.me/79222625755,,,,,,https://t.me/+79222625755,https://t.me/formamebel_tmn,,,57.121714,65.500273,https://2gis.com/firm/70000001102449809,branch
Форма,компания по производству корпусной мебели,"Мебель на заказ; Распиловка древесины; ЛДСП, ДВПО, МДФ","Сиреневая улица, 50/1",,625014,Зайкова м-н,Ленинский округ,Тюмень,Тюмень городской округ,Тюменская область,Россия,Пн: 09:00-19:00; Вт: 09:00-19:00; Ср: 09:00-19:00; Чт: 09:00-19:00; Пт: 09:00-19:00; Сб: 09:00-19:00,+05:00,5.0,13,89523432847 (отдел распила),,,,,http://t.me/raspiltmn,,,,https://vk.com/raspil_uc,https://wa.me/79222625755,,,,,,https://t.me/+79523432847,https://t.me/formamebel_tmn,,,57.125379,65.667793,https://2gis.com/firm/70000001089755992,branch
Форма,мебельная компания,Мебель на заказ; Мебель для кухни; Корпусная мебель; Мебель для ванных комнат; Офисная мебель,"улица Механизаторов, 67",,625017,РТС м-н,Калининский округ,Тюмень,Тюмень городской округ,Тюменская область,Россия,Пн: 09:00-20:00; Вт: 09:00-20:00; Ср: 09:00-20:00; Чт: 09:00-20:00; Пт: 09:00-20:00; Сб: 09:00-20:00; Вс: 09:00-20:00,+05:00,,,89323247083,,,,,http://t.me/formamebel72,,,,https://vk.com/club234681073,,,,,,,,,,,57.15317,65.454754,https://2gis.com/firm/70000001111513708,branch
Экспресс Обивка,ателье по перетяжке и ремонту мягкой мебели,Мебель на заказ; Ремонт мебели; Мягкая мебель; Стеновые панели,"улица Республики, 143 к4",1 этаж,625026,,Ленинский округ,Тюмень,Тюмень городской округ,Тюменская область,Россия,Пн: 09:00-21:00; Вт: 09:00-21:00; Ср: 09:00-21:00; Чт: 09:00-21:00; Пт: 09:00-21:00; Сб: 09:00-21:00; Вс: 09:00-21:00,+05:00,5.0,35,89199381222,,,,,,,,,https://vk.com/expressobivka,https://wa.me/79199381222,,,,,,https://t.me/+79199381222,,,,57.140586,65.566727,https://2gis.com/firm/70000001086787182,branch
Эле,компания по производству мебели премиум-класса,Мебель на заказ; Корпусная мебель; Мебель для кухни,"улица Мельникайте, 112 ст3",408 офис; 4 этаж,625007,,Калининский округ,Тюмень,Тюмень городской округ,Тюменская область,Россия,Пн: 10:00-20:00; Вт: 10:00-20:00; Ср: 10:00-20:00; Чт: 10:00-20:00; Пт: 10:00-20:00; Сб: 10:00-20:00 (по предварительному звонку),+05:00,5.0,2,89923090000,,,,,,,,,https://vk.com/ele.mebel,https://wa.me/79923090000,,,viber://chat/?number=79923090000,,,https://t.me/+79923090000,,,,57.130367,65.559126,https://2gis.com/firm/70000001066562352,branch
Энис мебель,оптово-розничная компания,Мебель на заказ; Мягкая мебель; Детская мебель,,,625001,,Калининский округ,Тюмень,Тюмень городской округ,Тюменская область,Россия,Пн: 10:00-20:00; Вт: 10:00-20:00; Ср: 10:00-20:00; Чт: 10:00-20:00; Пт: 10:00-20:00; Сб: 10:00-20:00; Вс: 10:00-20:00,+05:00,5.0,1,89199223434,,,,,http://t.me/mebel_uglovoy_tumen,http://jivo.chat/aHSv5Dh2g6,,,https://vk.com/mebel233473482,https://wa.me/79199223434,,,,,,https://t.me/+79199223434,,,,57.18355,65.46854,https://2gis.com/firm/70000001112455697,branch
Эспа Дизайн,компания по изготовлению мебели на заказ,Мебель на заказ; Мебель для кухни; Корпусная мебель; Интерьерные лестницы; Межкомнатные двери; Мебель для ванных комнат; Офисная мебель; Детская мебель; Окна,"Судостроителей, 33/2",,625034,,Ленинский округ,Тюмень,Тюмень городской округ,Тюменская область,Россия,Пн: 09:00-18:00; Вт: 09:00-18:00; Ср: 09:00-18:00; Чт: 09:00-18:00; Пт: 09:00-18:00,+05:00,,,89123902224,,,,,,,,,,https://wa.me/79123902224,,,,,,https://t.me/+79088732905,,,,57.159026,65.644984,https://2gis.com/firm/70000001075303601,branch
ЭтоКухни,,Мебель на заказ; Мебель для кухни,"Садовая улица, 38",1 этаж,625520,,,,Тюменский район,Тюменская область,Россия,Пн: 08:30-19:00; Вт: 08:30-19:00; Ср: 08:30-19:00; Чт: 08:30-19:00; Пт: 08:30-19:00; Сб: 08:30-19:00; Вс: 08:30-19:00 (по предварительной записи),+05:00,5.0,3,89199357405,,,,,,,,,https://vk.com/kuhni_eto,https://wa.me/79199357405,,,,,,,,,,56.889981,65.883097,https://2gis.com/firm/70000001076229646,branch
Юта,,Мебель на заказ; Дизайн интерьеров; Торгово-выставочное оборудование; Изделия из камня для помещений; Стеллажи и витрины; Мебель для общественного питания; Офисная мебель; Металлическая мебель; Изготовление рекламных конструкций,"Кремлёвская улица, 39",1 этаж,625049,,Калининский округ,Тюмень,Тюмень городской округ,Тюменская область,Россия,Пн: 09:00-18:00; Вт: 09:00-18:00; Ср: 09:00-18:00; Чт: 09:00-18:00; Пт: 09:00-18:00 (по предварительной записи),+05:00,4.5,2,83452595800,89088749467,,,,,,,,https://vk.com/utat72,,,,,,,,,,,57.137958,65.487901,https://2gis.com/firm/1830115630088465,branch
#kulinashop,компания,Мебель на заказ; Мебель для кухни; Мебельные фасады,"Хлебозаводская улица, 15",,454038,,Металлургический район,Челябинск,Челябинский городской округ,Челябинская область,Россия,Пн: 09:00-18:00; Вт: 09:00-18:00; Ср: 09:00-18:00; Чт: 09:00-18:00; Пт: 09:00-18:00,+05:00,5.0,1,83512163341,89507450515,,,,,,,,https://vk.com/kulinashop,https://wa.me/79507450515,,,viber://chat/?number=79507450515,,,,,,,55.247592,61.411095,https://2gis.com/firm/70000001030143931,branch
Akronos,компания по производству мебели,Мебель на заказ; Корпусная мебель; Мебель для кухни; Детская мебель; Офисная мебель,,,,,,Челябинск,Челябинский городской округ,Челябинская область,Россия,Пн: 09:00-18:00; Вт: 09:00-18:00; Ср: 09:00-18:00; Чт: 09:00-18:00; Пт: 09:00-18:00,+05:00,4.4,15,89511109259,89000242733,,,,,,,,https://vk.com/akronos,https://wa.me/79511109259,,,viber://chat/?number=79511109259,,,,,,,,,https://2gis.com/firm/70000001080570932,branch
Alex-Мебель,фабрика мягкой мебели,Мебель на заказ; Мягкая мебель,"Дербентская улица, 46",цокольный этаж,454139,Сельмаш пос.,Ленинский район,Челябинск,Челябинский городской округ,Челябинская область,Россия,Пн: 09:00-18:00; Вт: 09:00-18:00; Ср: 09:00-18:00; Чт: 09:00-18:00; Пт: 09:00-18:00,+05:00,2.6,5,89517931018,,,,,,,,,,https://wa.me/79517931018,,,viber://chat/?number=79517931018,,,,,,,55.099471,61.486268,https://2gis.com/firm/70000001082959609,branch
Alexwood74,мастерская изделий из массива и МДФ,Мебель на заказ; Корпусная мебель,"улица Косарева, 18",,454106,,Курчатовский район,Челябинск,Челябинский городской округ,Челябинская область,Россия,Пн: 09:00-20:00; Вт: 09:00-20:00; Ср: 09:00-20:00; Чт: 09:00-20:00; Пт: 09:00-20:00; Сб: 09:00-20:00 (по предварительному звонку),+05:00,,,89193111788,,,,,,,,,https://vk.com/alexwood74,https://wa.me/79193111788,,,,,,https://t.me/+79193111788,,,,55.18752,61.370903,https://2gis.com/firm/70000001036122459,branch
Arina мебель,производственная компания,Мебель на заказ; Корпусная мебель; Мебель для кухни; Детская мебель; Торгово-выставочное оборудование,"Артиллерийская улица, 111/1",105а кабинет; 1 этаж,454007,,Тракторозаводский район,Челябинск,Челябинский городской округ,Челябинская область,Россия,Пн: 10:00-18:00; Вт: 10:00-18:00; Ср: 10:00-18:00; Чт: 10:00-18:00; Пт: 10:00-18:00,+05:00,1.0,1,89043071326,89507371123,,,,,,,,https://vk.com/arinamebel,https://wa.me/79507371123,,,viber://chat/?number=79507371123,,,,,,,55.166657,61.435925,https://2gis.com/firm/2111591606583091,branch
Artwood,салон мебели,Мебель на заказ; Мебельные фабрики; Мебель для кухни; Мебель для общественного питания,"улица Дарвина, 18",2 сектор; 1 этаж; вход с ул. Дарвина,454087,,Советский район,Челябинск,Челябинский городской округ,Челябинская область,Россия,Пн: 10:00-18:00; Вт: 10:00-18:00; Ср: 10:00-18:00; Чт: 10:00-18:00; Пт: 10:00-18:00; Сб: 10:00-18:00; Вс: 10:00-18:00,+05:00,,,89193443152 (директор),,,,,,,,,https://vk.com/artwood74,https://wa.me/79227477764,,,viber://chat/?number=79227477764,,,,,,,55.126732,61.368477,https://2gis.com/firm/70000001094420131,branch
Aмборо,салон мебели,Мебель на заказ; Мебельные магазины; Мягкая мебель; Матрасы; Корпусная мебель; Мебель для кухни,"улица 30 лет ВЛКСМ, 6а","1, 2 этаж",456550,,,Коркино,Коркинский муниципальный округ,Челябинская область,Россия,Пн: 09:00-19:00; Вт: 09:00-19:00; Ср: 09:00-19:00; Чт: 09:00-19:00; Пт: 09:00-19:00; Сб: 09:00-19:00; Вс: 09:00-19:00,+05:00,5.0,9,89085881666,,,,,,,,,https://vk.com/amboro74,,,,,,,,,,,54.898966,61.399111,https://2gis.com/firm/70000001064850366,branch
B.Son`s,мебельная мануфактура,Мебель на заказ; Мебель для ванных комнат; Мебель для кухни; Детская мебель; Офисная мебель; Корпусная мебель,"Героя России Яковлева А.В. улица, 17",компания Идея Свет,454080,Манхэттен жилой комплекс,Центральный район,Челябинск,Челябинский городской округ,Челябинская область,Россия,Пн: 10:00-18:00; Вт: 10:00-18:00; Ср: 10:00-18:00; Чт: 10:00-18:00; Пт: 10:00-18:00,+05:00,,,89292070006,,,,,http://bsons.ru/?utm_source=2gis,http://t.me/bsons74,,,https://vk.com/bsons74,https://wa.me/79292070006,,,,,,https://t.me/+79292070006,,,,55.171985,61.36021,https://2gis.com/firm/70000001110717913,branch
B.Son`s,мебельная мануфактура,Мебель на заказ; Мебель для ванных комнат,"улица Академика Королёва, 23",2 этаж; компания ИнтерьерHouse&Первая Фабрика Фасадов,454004,Тополиная аллея м-н,Центральный район,Челябинск,Челябинский городской округ,Челябинская область,Россия,Пн: 10:00-19:00; Вт: 10:00-19:00; Ср: 10:00-19:00; Чт: 10:00-19:00; Пт: 10:00-19:00,+05:00,,,89292070006,,,,,http://bsons.ru/?utm_source=2gis,http://t.me/bsons74,,,https://vk.com/bsons74,https://wa.me/79292070006,,,,,,https://t.me/+79292070006,,,,55.161546,61.296593,https://2gis.com/firm/70000001110717149,branch
B.Son`s,мебельная мануфактура,Мебель на заказ; Корпусная мебель; Мебель для ванных комнат; Офисная мебель; Детская мебель; Садово-парковая мебель,"улица Кислицина, 89",2 этаж,454018,,Калининский район,Челябинск,Челябинский городской округ,Челябинская область,Россия,Пн: 10:00-18:00; Вт: 10:00-18:00; Ср: 10:00-18:00; Чт: 10:00-18:00; Пт: 10:00-18:00; Сб: 10:00-15:00,+05:00,5.0,1,89292070006,,,,,http://bsons.ru/?utm_source=2gis,http://t.me/bsons74,,,https://vk.com/bsons74,https://wa.me/79292070006,,,,,,https://t.me/+79292070006,,,,55.179101,61.363557,https://2gis.com/firm/70000001095496176,branch
B.Son`s,мебельная мануфактура,Мебель на заказ; Корпусная мебель; Мебель для ванных комнат; Офисная мебель; Ремонт мебели; Детская мебель; Садово-парковая мебель,"Кожзаводская улица, 100Б",2 этаж,454084,,Калининский район,Челябинск,Челябинский городской округ,Челябинская область,Россия,Пн: 08:30-17:00; Вт: 08:30-17:00; Ср: 08:30-17:00; Чт: 08:30-17:00; Пт: 08:30-17:00,+05:00,5.0,30,89292070006,,,,,http://bsons.ru/?utm_source=2gis,http://t.me/bsons74,,,https://vk.com/bsons74,https://wa.me/79292070006,,,,,,https://t.me/+79292070006,,,,55.195534,61.39752,https://2gis.com/firm/70000001063811823,branch
Boneri,мебельная компания,Мебель на заказ; Офисная мебель; Мягкая мебель; Ремонт мебели; Детская мебель,"Сталелитейная улица, 34а",,454081,Нижний Плановый квартал,Калининский район,Челябинск,Челябинский городской округ,Челябинская область,Россия,Пн: 10:00-20:00; Вт: 10:00-20:00; Ср: 10:00-20:00; Чт: 10:00-20:00; Пт: 10:00-20:00; Сб: 10:00-20:00; Вс: 10:00-20:00 (по предварительной записи),+05:00,5.0,1,89511178479,,,,,,,,,https://vk.com/bed_boneri,https://wa.me/79511178479,,,viber://chat/?number=79511178479,,,https://t.me/+79511178479,,,,55.190467,61.428021,https://2gis.com/firm/70000001082372413,branch
Calligaris,мебельный салон,Мебель на заказ; Мебельные магазины; Мягкая мебель; Корпусная мебель; Ковры; Мебель для кухни; Дизайн интерьеров; Жалюзи,"проспект Ленина, 66",1 этаж,454080,,Центральный район,Челябинск,Челябинский городской округ,Челябинская область,Россия,Пн: 10:00-18:00; Вт: 10:00-18:00; Ср: 10:00-18:00; Чт: 10:00-18:00; Пт: 10:00-18:00; Сб: 11:00-17:00,+05:00,5.0,6,89925157025,83517011666 (единый номер: пн-пт 10:00-18:00; сб 11:00-17:00),,,,http://t.me/salondivo,,,,https://vk.com/salondivo174,,,,,,,,,,,55.160295,61.378636,https://2gis.com/firm/70000001032937278,branch
Cesar,производственная компания,Мебель на заказ; Мебель для кухни; Корпусная мебель,"улица Труда, 185а",219 секция; 2 этаж,454080,,Центральный район,Челябинск,Челябинский городской округ,Челябинская область,Россия,Пн: 10:00-20:00; Вт: 10:00-20:00; Ср: 10:00-20:00; Чт: 10:00-20:00; Пт: 10:00-20:00; Сб: 10:00-20:00; Вс: 10:00-20:00,+05:00,3.7,24,89080444416,89127920096,,,,,,,,,https://wa.me/79127920096,,,,,,,,,,55.169176,61.373668,https://2gis.com/firm/70000001063030385,branch
Coliseum,компания по производству элитных деревянных изделий,Мебель на заказ; Интерьерные лестницы; Корпусная мебель; Межкомнатные двери; Стеновые панели,"Новороссийская улица, 3",,454139,,Ленинский район,Челябинск,Челябинский городской округ,Челябинская область,Россия,Пн: 09:00-19:00; Вт: 09:00-19:00; Ср: 09:00-19:00; Чт: 09:00-19:00; Пт: 09:00-19:00; Сб: 09:00-19:00,+05:00,5.0,1,89193213143,,,,,,,,,https://vk.com/coliseum.wood,https://wa.me/79193213143,,,,,,,,,,55.097212,61.493182,https://2gis.com/firm/70000001028044718,branch
Coupe Group,,Мебель на заказ; Корпусная мебель,"Сормовская улица, 19",,454074,Верхний Плановый квартал,Калининский район,Челябинск,Челябинский городской округ,Челябинская область,Россия,Пн: 09:00-18:00; Вт: 09:00-18:00; Ср: 09:00-18:00; Чт: 09:00-18:00; Пт: 09:00-18:00; Сб: 11:00-17:00; Вс: 11:00-17:00,+05:00,,,,,,,,,,,,,,,,,,,,,,,55.192621,61.442027,https://2gis.com/firm/70000001101157160,branch
dana174.ru,компания по изготовлению и установке металлоконструкций,Мебель на заказ; Заборы и ограждения; Входные двери; Кованые изделия; Металлоконструкции для строительства; Садово-парковая мебель; Металлическая мебель; Металлоизделия,"Линейная улица, 92",1 этаж,454079,,Тракторозаводский район,Челябинск,Челябинский городской округ,Челябинская область,Россия,Пн: 07:00-22:00; Вт: 07:00-22:00; Ср: 07:00-22:00; Чт: 07:00-22:00; Пт: 07:00-22:00; Сб: 07:00-22:00; Вс: 07:00-22:00,+05:00,5.0,3,83512359112,89080859112,,,,,,,,,https://wa.me/79080859112,,,,,,,,,,55.159009,61.495084,https://2gis.com/firm/2111590606371324,branch
DanilMaster74,столярная мастерская,Мебель на заказ; Детская мебель; Мебель для кухни; Корпусная мебель; Садово-парковая мебель,"Шершнёвская улица, 19",,454100,Градский Прииск пос.,Курчатовский район,Челябинск,Челябинский городской округ,Челябинская область,Россия,Пн: 09:00-18:00; Вт: 09:00-18:00; Ср: 09:00-18:00; Чт: 09:00-18:00; Пт: 09:00-18:00; Сб: 09:00-18:00,+05:00,4.0,4,89026115699,,,,,http://t.me/danilmaster74,,,,https://vk.com/joinery74,https://wa.me/79026115699,,,,,,,,,,55.17743,61.277871,https://2gis.com/firm/70000001081050931,branch
Deco-m,салон мебели,Мебель на заказ; Мебельные магазины; Корпусная мебель; Мебель для кухни,"улица Дзержинского, 110/1",1 этаж,454078,,Ленинский район,Челябинск,Челябинский городской округ,Челябинская область,Россия,Пн: 10:00-18:00; Вт: 10:00-18:00; Ср: 10:00-18:00; Чт: 10:00-18:00; Пт: 10:00-18:00; Сб: 10:00-18:00; Вс: 10:00-18:00,+05:00,1.2,3,83512482952,,,,,,,,,,,,,,,,,,,,55.133586,61.433221,https://2gis.com/firm/2111591606640666,branch
Deco-room,фирма по продаже мебели,Мебель на заказ; Мягкая мебель; Корпусная мебель; Матрасы; Металлическая мебель; Офисная мебель; Детская мебель; Мебель для кухни; Мебель для ванных комнат; Ремонт мебели,"Центральная улица, 3Б/10",второе крыльцо,454902,Шершни пос.,Центральный район,Челябинск,Челябинский городской округ,Челябинская область,Россия,Пн: 08:00-23:00; Вт: 08:00-23:00; Ср: 08:00-23:00; Чт: 08:00-23:00; Пт: 08:00-23:00; Сб: 08:00-23:00; Вс: 08:00-23:00 (по предварительной записи),+05:00,5.0,6,89292074063,,,,,,,,,https://vk.com/divannazakaz174,https://wa.me/79292074063,,,viber://chat/?number=79292074063,,,https://t.me/+79292074063,,,,55.150877,61.305324,https://2gis.com/firm/70000001060693533,branch
Decorum,мебельный салон,Мебель на заказ; Корпусная мебель; Мягкая мебель; Мебель для кухни; Офисная мебель; Детская мебель; Мебель для ванных комнат; Матрасы; Аксессуары для ванных комнат; Сувениры; Керамические изделия; Ковры,"улица Курчатова, 25",цокольный этаж,454020,,Центральный район,Челябинск,Челябинский городской округ,Челябинская область,Россия,Пн: 10:00-19:00; Вт: 10:00-19:00; Ср: 10:00-19:00; Чт: 10:00-19:00; Пт: 10:00-19:00,+05:00,2.2,6,83512324050,89525131111,,,,,,,,,https://wa.me/79525131111,,,viber://chat/?number=79525131111,,,,,,,55.152207,61.383224,https://2gis.com/firm/2111590606309248,branch
Deniko74,мебельная компания,Мебель на заказ; Мебель для кухни; Корпусная мебель,"Ударная улица, 7а",,454053,Локомотивный пос.,Советский район,Челябинск,Челябинский городской округ,Челябинская область,Россия,Пн: 09:00-20:00; Вт: 09:00-20:00; Ср: 09:00-20:00; Чт: 09:00-20:00; Пт: 09:00-20:00,+05:00,5.0,3,89507348884,,,,,,,,,https://vk.com/deniko74,https://wa.me/79507348884,,,viber://chat/?number=79507348884,,,https://t.me/+79507348884,,,,55.117112,61.394217,https://2gis.com/firm/70000001006937586,branch
DiOne,магазин мебели,Мебель на заказ; Мягкая мебель; Корпусная мебель; Мебель для кухни; Матрасы,"Сиреневая улица, 388",,456509,Жилая застройка Полёт,,,Сосновский муниципальный округ,Челябинская область,Россия,Пн: 09:00-18:00; Вт: 09:00-18:00; Ср: 09:00-18:00; Чт: 09:00-18:00; Пт: 09:00-18:00; Сб: 09:00-15:00,+05:00,,,89127702885,89954602885,,,,,,,,,https://wa.me/79954602885,,,viber://chat/?number=79954602885,,,,,,,55.104789,61.197306,https://2gis.com/firm/70000001105337452,branch
Disloft,компания по изготовлению лофт-мебели,"Мебель на заказ; Мебель для кухни; Садово-парковая мебель; Офисная мебель; Мангалы, коптильни, тандыры",,,454081,,Тракторозаводский район,Челябинск,Челябинский городской округ,Челябинская область,Россия,Пн: 09:00-20:00; Вт: 09:00-20:00; Ср: 09:00-20:00; Чт: 09:00-20:00; Пт: 09:00-20:00; Сб: 09:00-20:00,+05:00,,,89630842826,,,,,http://t.me/disloft74,,,,https://vk.com/disloft,https://wa.me/79630842826,,,,,,,,,,55.203044,61.457019,https://2gis.com/firm/70000001106074166,branch
Elegant Wood,,Мебель на заказ; Офисная мебель; Детская мебель; Мебель для кухни; Мебель для ванных комнат; Корпусная мебель,"улица Самохина, 192/9",,454079,Чурилово м-н,Тракторозаводский район,Челябинск,Челябинский городской округ,Челябинская область,Россия,Пн: 09:00-18:00; Вт: 09:00-18:00; Ср: 09:00-18:00; Чт: 09:00-18:00; Пт: 09:00-18:00,+05:00,5.0,8,89000809243,89518109298,,,,,,,,https://vk.com/elegant_wood74,https://wa.me/79000809243,,,viber://chat/?number=79000809243,,,https://t.me/+79518109298,,,,55.164825,61.5195,https://2gis.com/firm/70000001091492941,branch
Esmo-mebel,,Мебель на заказ; Корпусная мебель; Офисная мебель; Мебель для кухни,"Бобруйская улица, 33",,454129,Первый Плановый пос.,Ленинский район,Челябинск,Челябинский городской округ,Челябинская область,Россия,Пн: 10:00-19:00; Вт: 10:00-19:00; Ср: 10:00-19:00; Чт: 10:00-19:00; Пт: 10:00-19:00; Сб: 10:00-19:00; Вс: 10:00-19:00 (по предварительной записи),+05:00,,,89191151747,,,,,,,,,https://vk.com/esmo74,,,,,,,,,,,55.120229,61.445457,https://2gis.com/firm/70000001113869310,branch
EV-Mebel,салон мебели,Мебель на заказ; Мебельные магазины; Мягкая мебель,"проспект Победы, 325",35 сектор; 3 этаж,454128,,Калининский район,Челябинск,Челябинский городской округ,Челябинская область,Россия,Пн: 10:00-20:00; Вт: 10:00-20:00; Ср: 10:00-20:00; Чт: 10:00-20:00; Пт: 10:00-20:00; Сб: 10:00-20:00; Вс: 10:00-20:00,+05:00,1.7,7,89511215544,,,,,,,,,,,,,,,,,,,,55.182322,61.293513,https://2gis.com/firm/70000001020845291,branch
Evocom,мебельная фирма,Мебель на заказ; Мягкая мебель,"Северо-Крымская улица, 18",,454106,,Курчатовский район,Челябинск,Челябинский городской округ,Челябинская область,Россия,Пн: 09:00-20:00; Вт: 09:00-20:00; Ср: 09:00-20:00; Чт: 09:00-20:00; Пт: 09:00-20:00; Сб: 09:00-20:00; Вс: 09:00-20:00,+05:00,5.0,6,89028945234,89507490683,,,,,,,,https://vk.com/evocom74,https://wa.me/79507490683,,,,,,,,,,55.195059,61.367205,https://2gis.com/firm/70000001094154555,branch
Exclusive,магазин мебели,Мебель на заказ; Корпусная мебель,"улица 9 Января, 26",,456550,,,Коркино,Коркинский муниципальный округ,Челябинская область,Россия,Пн: 10:00-18:30; Вт: 10:00-18:30; Ср: 10:00-18:30; Чт: 10:00-18:30; Пт: 10:00-18:30; Сб: 10:00-17:00; Вс: 10:00-16:00,+05:00,5.0,1,89000207523,83515230019,,,,,,,,https://vk.com/public168213164,,,,,,,,,,,54.891408,61.399069,https://2gis.com/firm/70000001062387244,branch
Expert кухни,магазин мебели и аксессуаров для кухни,Мебель на заказ; Мебель для кухни; Корпусная мебель; Изделия из камня для помещений,"Свердловский тракт, 1ж",3/35 секция; 2 этаж,454036,,Курчатовский район,Челябинск,Челябинский городской округ,Челябинская область,Россия,Пн: 10:00-18:30; Вт: 10:00-18:30; Ср: 10:00-18:30; Чт: 10:00-18:30; Пт: 10:00-18:30; Сб: 10:00-18:30; Вс: 10:00-18:30 (по предварительной записи),+05:00,4.6,11,89000608820,,,,,,,,,https://vk.com/kuhniexpert74,https://wa.me/79000608820,,,,,,,,,,55.234949,61.369352,https://2gis.com/firm/70000001065053387,branch
Family,салон мебели,Мебель на заказ; Мебельные магазины; Корпусная мебель; Детская мебель; Мебель для кухни,"улица Худякова, 12",91 секция; 2 этаж; правое крыло,454048,,Центральный район,Челябинск,Челябинский городской округ,Челябинская область,Россия,Пн: 10:30-19:30; Вт: 10:30-19:30; Ср: 10:30-19:30; Чт: 10:30-19:30; Пт: 10:30-19:30; Сб: 10:30-19:30; Вс: 10:30-19:30,+05:00,3.0,2,89518057504,89935481630,,,,,,,,https://vk.com/family_meb,https://wa.me/79518057504,https://wa.me/79935481630,,viber://chat/?number=79518057504,,,https://t.me/+79518057504,,,,55.14803,61.372857,https://2gis.com/firm/2111591606674484,branch
Fanelli,интерьерный салон,Мебель на заказ; Мебель для кухни; Офисная мебель; Корпусная мебель; Мягкая мебель; Мебель для ванных комнат; Мебель для учебных учреждений; Детская мебель,"улица Чичерина, 22",59 сектор; 1 этаж,454100,,Курчатовский район,Челябинск,Челябинский городской округ,Челябинская область,Россия,Пн: 10:00-20:00; Вт: 10:00-20:00; Ср: 10:00-20:00; Чт: 10:00-20:00; Пт: 10:00-20:00; Сб: 10:00-20:00; Вс: 10:00-20:00,+05:00,,,83512702656,,,,,,,,,https://vk.com/fanellivk,https://wa.me/79226335455,,,viber://chat/?number=79226335455,,,,,,,55.183886,61.2869,https://2gis.com/firm/70000001007292688,branch
FH мебель,,Мебель на заказ; Мягкая мебель; Корпусная мебель; Мебель для кухни,"проспект Ленина, 2а",,454007,,Тракторозаводский район,Челябинск,Челябинский городской округ,Челябинская область,Россия,Пн: 09:00-17:30; Вт: 09:00-17:30; Ср: 09:00-17:30; Чт: 09:00-17:30; Пт: 09:00-17:30,+05:00,,,89024408224,,,,,,,,,,,,,,,,,,,,55.159491,61.477373,https://2gis.com/firm/70000001114309750,branch
Forest Design,столярная мастерская по изготовлению мебели из массива,Мебель на заказ; Стеновые панели; Мебель для кухни; Корпусная мебель; Мебель для общественного питания; Детская мебель; Мебель для ванных комнат; Интерьерные лестницы,"Городская улица, 47","1 этаж; синие ворота без вывески, дальше пройти через двор до коричневой двери - это вход",454100,Градский Прииск пос.,Курчатовский район,Челябинск,Челябинский городской округ,Челябинская область,Россия,Пн: 09:00-18:00; Вт: 09:00-18:00; Ср: 09:00-18:00; Чт: 09:00-18:00; Пт: 09:00-18:00,+05:00,5.0,1,89191178042,,,,,,,,,https://vk.com/forestdesign74,https://wa.me/79191178042,,,,,,,,,,55.183633,61.266939,https://2gis.com/firm/70000001079108460,branch
Forest lamp,компания по производству и продаже изделий из дерева,Мебель на заказ; Мебель для кухни; Художественные мастерские; Корпусная мебель; Садово-парковая мебель,,,,,,Челябинск,Челябинский городской округ,Челябинская область,Россия,Пн: 10:00-18:00; Вт: 10:00-18:00; Ср: 10:00-18:00; Чт: 10:00-18:00; Пт: 10:00-18:00 (по предварительной записи),+05:00,5.0,3,89085804576,,,,,,,,,,https://wa.me/79085804576,,,,,,,,,https://youtube.com/UC-E5s84LfzViThpsCBfrzLQ,,,https://2gis.com/firm/70000001039542175,branch
FurniturePro174,компания по производству и реставрации мебели,Мебель на заказ; Ремонт мебели; Мягкая мебель,"Моховая улица, 7Б ст1",,454085,,Тракторозаводский район,Челябинск,Челябинский городской округ,Челябинская область,Россия,Пн: 09:00-18:00; Вт: 09:00-18:00; Ср: 09:00-18:00; Чт: 09:00-18:00; Пт: 09:00-18:00,+05:00,5.0,4,83517767641,89043020905,89043050463,,,,,,,,https://wa.me/79043020905,https://wa.me/79043050463,,viber://chat/?number=79043020905,,,,,,,55.1678,61.47424,https://2gis.com/firm/70000001036873006,branch
Hayat,мебельная фабрика,Мебель на заказ; Корпусная мебель; Мягкая мебель,"Ферросплавная улица, 70",,454074,Верхний Плановый квартал,Калининский район,Челябинск,Челябинский городской округ,Челябинская область,Россия,Пн: 10:00-20:00; Вт: 10:00-20:00; Ср: 10:00-20:00; Чт: 10:00-20:00; Пт: 10:00-20:00; Сб: 10:00-20:00; Вс: 10:00-20:00,+05:00,,,89514755287,,,,,,,,,,,,,,,,,,,,55.193486,61.450495,https://2gis.com/firm/70000001092841064,branch
Hi home,компания,Мебель на заказ; Корпусная мебель,"улица Братьев Кашириных, 85а",,454016,,Калининский район,Челябинск,Челябинский городской округ,Челябинская область,Россия,Пн: 10:00-20:00; Вт: 10:00-20:00; Ср: 10:00-20:00; Чт: 10:00-20:00; Пт: 10:00-20:00,+05:00,,,89090777340,,,,,http://t.me/hihomeee,,,,https://vk.com/hihome1,,,,,,,,,,,55.176677,61.370517,https://2gis.com/firm/70000001110241171,branch
Hoff,студия планирования,Мебель на заказ; Мебельные магазины; Бытовая химия; Карнизы; Керамические изделия; Ковры; Кондитерский инвентарь; Матрасы; Мебель из стекла; Металлическая мебель; Портьерные ткани и шторы; Домашний текстиль; Посуда; Садово-парковая мебель; Хозтовары; Корпусная мебель; Мебель для ванных комнат; Мягкая мебель; Офисная мебель; Детская мебель; Мебель для кухни; Бескаркасная мебель,"Копейское шоссе, 64",2 этаж; напротив салона Ormatek,454010,,Ленинский район,Челябинск,Челябинский городской округ,Челябинская область,Россия,Пн: 10:00-22:00; Вт: 10:00-22:00; Ср: 10:00-22:00; Чт: 10:00-22:00; Пт: 10:00-22:00; Сб: 10:00-22:00; Вс: 10:00-22:00,+05:00,3.7,23,83512002734,,,info@hoff.ru,,http://hoff.ru/promo/kuhnya_mechty/?utm_campaign=pr_null_always-on_all-segments_03_&utm_content=2gis-maps-button_null_static_null&utm_medium=media&utm_source=2gis&utm_term=all_all_all_null_,,,,https://vk.com/hoffrus,,,,,,,https://t.me/hoff_inspiration,,,https://youtube.com/user/hoffrussia,55.145682,61.449882,https://2gis.com/firm/70000001089496566,branch
Ind,мебельная фабрика,Мебель на заказ; Корпусная мебель; Мягкая мебель; Мебель для культурно-досуговых учреждений,"улица Дарвина, 18",37 секция; 2 этаж; вход с ул. Дарвина,454087,,Советский район,Челябинск,Челябинский городской округ,Челябинская область,Россия,Пн: 10:00-20:00; Вт: 10:00-20:00; Ср: 10:00-20:00; Чт: 10:00-20:00; Пт: 10:00-20:00; Сб: 10:00-20:00; Вс: 10:00-20:00,+05:00,5.0,6,89090830708,89191283766,,,,http://t.me/ind_mebel,,,,,https://wa.me/79128910289,,,,,,https://t.me/+79128910289,,,,55.126313,61.368967,https://2gis.com/firm/2111590608241128,branch
Integro,студия мягких интерьеров,Мебель на заказ; Мягкая мебель; Дизайн интерьеров; Архитектурное проектирование,"Свердловский тракт, 5 к6",1 этаж,454008,,Курчатовский район,Челябинск,Челябинский городской округ,Челябинская область,Россия,Пн: 08:00-17:00; Вт: 08:00-17:00; Ср: 08:00-17:00; Чт: 08:00-17:00; Пт: 08:00-17:00,+05:00,,,89127939329 (единый номер),89043028501 (единый номер),,,,,,,,https://vk.com/studiointegro,https://wa.me/79043028501,,,,,,,,,,55.207313,61.387006,https://2gis.com/firm/2111590608950425,branch
Itm-мебель,салон мебели,Мебель на заказ; Мебельные магазины; Мягкая мебель,"улица Дарвина, 18",51 сектор; 2 этаж; вход с ул. Дарвина,454087,,Советский район,Челябинск,Челябинский городской округ,Челябинская область,Россия,Пн: 10:00-20:00; Вт: 10:00-20:00; Ср: 10:00-20:00; Чт: 10:00-20:00; Пт: 10:00-20:00; Сб: 10:00-20:00; Вс: 10:00-20:00,+05:00,5.0,4,89518101476,89049712764,,,,,,,,https://vk.com/club142474162,https://wa.me/79518150629,,,viber://chat/?number=79518150629,,,,,,,55.126061,61.36949,https://2gis.com/firm/70000001036045514,branch
Izdereva.Ural,,Мебель на заказ; Мебельные магазины; Корпусная мебель,"улица Кислицина, 89",2 этаж,454018,,Калининский район,Челябинск,Челябинский городской округ,Челябинская область,Россия,Пн: 09:00-18:00; Вт: 09:00-18:00; Ср: 09:00-18:00; Чт: 09:00-18:00; Пт: 09:00-18:00 (по предварительному звонку),+05:00,,,89123202232,89123202242,,,,,,,,https://vk.com/izdereva.ural,,,,,,,https://t.me/+79123202232,,,,55.179101,61.363557,https://2gis.com/firm/70000001115158415,branch
Izdereva.Ural,,Мебель на заказ; Корпусная мебель; Торгово-выставочное оборудование,"улица Фёдорова, 1а/3",1 этаж,454048,,Советский район,Челябинск,Челябинский городской округ,Челябинская область,Россия,Пн: 09:00-18:00; Вт: 09:00-18:00; Ср: 09:00-18:00; Чт: 09:00-18:00; Пт: 09:00-18:00 (по предварительному звонку),+05:00,,,89123202232,89123202242,,,,,,,,https://vk.com/izdereva174,,,,,,,,,,,55.134048,61.401719,https://2gis.com/firm/70000001055056129,branch
Karavan,склад,Мебель на заказ; Мебельные ткани,"улица Танкистов, 177а к14",,454085,,Тракторозаводский район,Челябинск,Челябинский городской округ,Челябинская область,Россия,Пн: 09:00-20:00; Вт: 09:00-20:00; Ср: 09:00-20:00; Чт: 09:00-20:00; Пт: 09:00-20:00; Сб: 09:00-20:00; Вс: 09:00-20:00,+05:00,,,,,,,,,,,,,,,,,,,,,,,55.170432,61.474817,https://2gis.com/firm/70000001098521442,branch
Korvon,фабрика мебели,Мебель на заказ; Мягкая мебель,"Моховая улица, 7а/1",слева от арки,454085,,Тракторозаводский район,Челябинск,Челябинский городской округ,Челябинская область,Россия,Пн: 09:00-18:00; Вт: 09:00-18:00; Ср: 09:00-18:00; Чт: 09:00-18:00; Пт: 09:00-18:00; Сб: 09:00-18:00,+05:00,,,89634676007,,,,,,,,,https://vk.com/korvon17444,,,,,,,,,,,55.166389,61.473475,https://2gis.com/firm/70000001115902369,branch
